ID,NO_Days,Total Cost,Transportation Cost,Accomodation Cost,Makeup Cost,Food and water Cost,Palace Rental Cost,
1,30,3015705.750000,21987.000000,950190.000000,774480.000000,568200.000000,63225.804688,
2,45,4523774.000000,21987.000000,1425285.000000,1161720.000000,852300.000000,95053.765625,
3,60,6031411.500000,21987.000000,1900380.000000,1548960.000000,1136400.000000,126451.609375,
4,100,10052353.000000,21987.000000,3167300.000000,2581600.000000,1894000.000000,210752.687500,